window_sec,window_frames,total_alerts,tp,fp,tn,fn,precision,recall,f1,false_alarm_rate,miss_rate,false_alarms_per_min,avg_detection_delay_sec
0.0,0,1579,1441,138,7362,59,0.9126029132362254,0.9606666666666667,0.9360181877232868,0.0184,0.03933333333333333,27.6,0.0
0.5,15,854,854,0,7500,646,1.0,0.5693333333333334,0.7255734919286322,0.0,0.43066666666666664,0.0,1.011111111111111
1.0,30,522,522,0,7500,978,1.0,0.348,0.5163204747774481,0.0,0.652,0.0,1.8666666666666667
1.5,45,278,278,0,7500,1222,1.0,0.18533333333333332,0.31271091113610794,0.0,0.8146666666666667,0.0,2.3666666666666667
2.0,60,150,150,0,7500,1350,1.0,0.1,0.18181818181818182,0.0,0.9,0.0,3.1
2.5,75,75,75,0,7500,1425,1.0,0.05,0.09523809523809523,0.0,0.95,0.0,4.2
3.0,90,46,46,0,7500,1454,1.0,0.030666666666666665,0.059508408796895215,0.0,0.9693333333333334,0.0,4.7
4.0,120,16,16,0,7500,1484,1.0,0.010666666666666666,0.021108179419525065,0.0,0.9893333333333333,0.0,5.7
5.0,150,0,0,0,7500,1500,0.0,0.0,0.0,0.0,1.0,0.0,0.0
