subject,frame_idx,pred_prob,pred_label,true_label
01,0,0.29489052295684814,0,1
01,1,0.14056533575057983,0,1
01,2,0.07799576222896576,0,1
01,3,0.23748721182346344,0,1
01,4,0.7049523591995239,1,1
01,5,0.2918321192264557,0,1
01,6,0.7651721239089966,1,1
01,7,0.3182407319545746,0,1
01,8,0.255558580160141,0,1
01,9,0.1327521651983261,0,1
01,10,0.07407844811677933,0,1
01,11,0.12411569803953171,0,1
01,12,0.17467406392097473,0,1
01,13,0.09279739111661911,0,1
01,14,0.13537196815013885,0,1
01,15,0.07519719749689102,0,1
01,16,0.04097668081521988,0,1
01,17,0.0035294860135763884,0,1
01,18,0.023099398240447044,0,1
01,19,0.03697465360164642,0,1
01,20,0.037823230028152466,0,1
01,21,0.01806371472775936,0,1
01,22,0.035668227821588516,0,1
01,23,0.005629056133329868,0,1
01,24,0.11214596778154373,0,1
01,25,0.002823774004355073,0,1
01,26,0.07850971072912216,0,1
01,27,0.06428003311157227,0,1
01,28,0.03599407523870468,0,1
01,29,0.05697149038314819,0,1
01,30,0.5571160316467285,1,0
01,31,0.35995054244995117,0,0
01,32,0.2765614688396454,0,0
01,33,0.38185152411460876,0,0
01,34,0.005214659031480551,0,0
01,35,0.02288554050028324,0,0
01,36,0.8615574240684509,1,0
01,37,0.05786656588315964,0,0
01,38,0.009575444273650646,0,0
01,39,0.016743479296565056,0,0
01,40,0.02967635914683342,0,0
01,41,0.0030902985017746687,0,0
01,42,0.01286738645285368,0,0
01,43,0.014113116078078747,0,0
01,44,0.087400883436203,0,0
01,45,0.08193572610616684,0,0
01,46,0.022896401584148407,0,0
01,47,0.05232679843902588,0,0
01,48,0.12582074105739594,0,0
01,49,0.02130522020161152,0,0
01,50,0.012558518908917904,0,0
01,51,0.00999410543590784,0,0
01,52,0.022432222962379456,0,0
01,53,0.08770107477903366,0,0
01,54,0.12680432200431824,0,0
01,55,0.07168976217508316,0,0
01,56,0.07090044766664505,0,0
01,57,0.153299018740654,0,0
01,58,0.34719517827033997,0,0
01,59,0.04095891863107681,0,0
01,60,0.03612824156880379,0,0
01,61,0.2677476406097412,0,0
01,62,0.016989825293421745,0,0
01,63,0.0363476388156414,0,0
01,64,0.0338868610560894,0,0
01,65,0.28663933277130127,0,0
01,66,0.2249499410390854,0,0
01,67,0.08262226730585098,0,0
01,68,0.3014930784702301,0,0
01,69,0.12317449599504471,0,0
01,70,0.4380178451538086,0,0
01,71,0.13226625323295593,0,0
01,72,0.21118533611297607,0,0
01,73,0.24457496404647827,0,0
01,74,0.1227680891752243,0,0
01,75,0.03642788901925087,0,0
01,76,0.16532936692237854,0,0
01,77,0.10874107480049133,0,0
01,78,0.07078581303358078,0,0
01,79,0.21609538793563843,0,0
01,80,0.06314288824796677,0,0
01,81,0.10815748572349548,0,0
01,82,0.07199496030807495,0,0
01,83,0.16284410655498505,0,0
01,84,0.12557032704353333,0,0
01,85,0.8714348077774048,1,0
01,86,0.07727159559726715,0,0
01,87,0.331093430519104,0,0
01,88,0.28984716534614563,0,0
01,89,0.166446715593338,0,0
02,0,0.3883502185344696,0,0
02,1,0.014100952073931694,0,0
02,2,0.1951916515827179,0,0
02,3,0.003814823692664504,0,0
02,4,0.011750319041311741,0,0
02,5,0.09525812417268753,0,0
02,6,0.009869799949228764,0,0
02,7,0.23472552001476288,0,0
02,8,0.4550299644470215,0,0
02,9,0.10953973978757858,0,0
02,10,0.19218690693378448,0,0
02,11,0.0239003524184227,0,0
02,12,0.03923917934298515,0,0
02,13,0.004488499369472265,0,0
02,14,0.01373177021741867,0,0
02,15,0.023701319471001625,0,0
02,16,0.027219349518418312,0,0
02,17,0.010045795701444149,0,0
02,18,0.01228039339184761,0,0
02,19,0.0036723867524415255,0,0
02,20,0.012873243540525436,0,0
02,21,0.0023248582147061825,0,0
02,22,0.016302982345223427,0,0
02,23,0.01414514984935522,0,0
02,24,0.036283958703279495,0,0
02,25,0.019444547593593597,0,0
02,26,0.022035151720046997,0,0
02,27,0.048182036727666855,0,0
02,28,0.0010788943618535995,0,0
02,29,0.004095431882888079,0,0
02,30,0.17668382823467255,0,0
02,31,0.9662400484085083,1,0
02,32,0.4866901636123657,0,0
02,33,0.8863115310668945,1,0
02,34,0.8947647213935852,1,0
02,35,0.7985662221908569,1,0
02,36,0.9547989964485168,1,0
02,37,0.8759199380874634,1,0
02,38,0.8524519801139832,1,0
02,39,0.7653510570526123,1,0
02,40,0.9360356330871582,1,0
02,41,0.8412890434265137,1,0
02,42,0.8653384447097778,1,0
02,43,0.6356987953186035,1,0
02,44,0.8011444807052612,1,0
02,45,0.9705731868743896,1,0
02,46,0.6173598766326904,1,0
02,47,0.9686667323112488,1,0
02,48,0.9372643232345581,1,0
02,49,0.9909383058547974,1,0
02,50,0.9693228602409363,1,0
02,51,0.32930564880371094,0,0
02,52,0.8490558862686157,1,0
02,53,0.9190309643745422,1,0
02,54,0.6871656179428101,1,0
02,55,0.9030826091766357,1,0
02,56,0.6726483106613159,1,0
02,57,0.7738696336746216,1,0
02,58,0.8517912030220032,1,0
02,59,0.8973066210746765,1,0
02,60,0.7764137983322144,1,1
02,61,0.7721999883651733,1,1
02,62,0.9138275980949402,1,1
02,63,0.2630307376384735,0,1
02,64,0.9796032309532166,1,1
02,65,0.5301095247268677,1,1
02,66,0.9866063594818115,1,1
02,67,0.9782974720001221,1,1
02,68,0.5264395475387573,1,1
02,69,0.9037103652954102,1,1
02,70,0.9771852493286133,1,1
02,71,0.9459279775619507,1,1
02,72,0.8924039602279663,1,1
02,73,0.9633858799934387,1,1
02,74,0.9127432107925415,1,1
02,75,0.9551383852958679,1,1
02,76,0.6773139238357544,1,1
02,77,0.7591841220855713,1,1
02,78,0.9964854717254639,1,1
02,79,0.9860222339630127,1,1
02,80,0.9676158428192139,1,1
02,81,0.9980150461196899,1,1
02,82,0.714870810508728,1,1
02,83,0.7272710800170898,1,1
02,84,0.9628031849861145,1,1
02,85,0.9692574143409729,1,1
02,86,0.9885931015014648,1,1
02,87,0.9174788594245911,1,1
02,88,0.94380784034729,1,1
02,89,0.962034285068512,1,1
03,0,0.07037175446748734,0,1
03,1,0.3373700678348541,0,1
03,2,0.08858679234981537,0,1
03,3,0.15851175785064697,0,1
03,4,0.3983883559703827,0,1
03,5,0.11580898612737656,0,1
03,6,0.4568190574645996,0,1
03,7,0.32538652420043945,0,1
03,8,0.28645554184913635,0,1
03,9,0.23276560008525848,0,1
03,10,0.12067706882953644,0,1
03,11,0.3481573164463043,0,1
03,12,0.15721972286701202,0,1
03,13,0.18390993773937225,0,1
03,14,0.2870621383190155,0,1
03,15,0.27673962712287903,0,1
03,16,0.045241858810186386,0,1
03,17,0.31206589937210083,0,1
03,18,0.2845431864261627,0,1
03,19,0.3589271605014801,0,1
03,20,0.4241204559803009,0,1
03,21,0.08866077661514282,0,1
03,22,0.21249106526374817,0,1
03,23,0.5559095144271851,1,1
03,24,0.0542418509721756,0,1
03,25,0.17948906123638153,0,1
03,26,0.06793245673179626,0,1
03,27,0.19376052916049957,0,1
03,28,0.06712624430656433,0,1
03,29,0.20736940205097198,0,1
03,30,0.42803916335105896,0,0
03,31,0.6243944764137268,1,0
03,32,0.24344123899936676,0,0
03,33,0.336987167596817,0,0
03,34,0.43563389778137207,0,0
03,35,0.6499673128128052,1,0
03,36,0.3084445893764496,0,0
03,37,0.40107324719429016,0,0
03,38,0.6492372751235962,1,0
03,39,0.4248785078525543,0,0
03,40,0.4261684715747833,0,0
03,41,0.8201579451560974,1,0
03,42,0.07222232967615128,0,0
03,43,0.3102783262729645,0,0
03,44,0.752921462059021,1,0
03,45,0.6059174537658691,1,0
03,46,0.48950421810150146,0,0
03,47,0.28296133875846863,0,0
03,48,0.019591480493545532,0,0
03,49,0.08448848873376846,0,0
03,50,0.14224578440189362,0,0
03,51,0.05488832667469978,0,0
03,52,0.13707087934017181,0,0
03,53,0.4971037209033966,0,0
03,54,0.14260143041610718,0,0
03,55,0.1487383097410202,0,0
03,56,0.5293390154838562,1,0
03,57,0.14237917959690094,0,0
03,58,0.31590545177459717,0,0
03,59,0.0010580517118796706,0,0
03,60,0.3930850625038147,0,0
03,61,0.29329147934913635,0,0
03,62,0.2638839781284332,0,0
03,63,0.031284693628549576,0,0
03,64,0.4205171465873718,0,0
03,65,0.49119195342063904,0,0
03,66,0.4245152473449707,0,0
03,67,0.04667465761303902,0,0
03,68,0.2110346108675003,0,0
03,69,0.025401240214705467,0,0
03,70,0.07539916783571243,0,0
03,71,0.6764981746673584,1,0
03,72,0.08673917502164841,0,0
03,73,0.5601484775543213,1,0
03,74,0.43399497866630554,0,0
03,75,0.8644462823867798,1,0
03,76,0.41758084297180176,0,0
03,77,0.3086284399032593,0,0
03,78,0.6601365804672241,1,0
03,79,0.16779297590255737,0,0
03,80,0.3209559917449951,0,0
03,81,0.4372882544994354,0,0
03,82,0.1917649805545807,0,0
03,83,0.6785486340522766,1,0
03,84,0.7260016202926636,1,0
03,85,0.1823907494544983,0,0
03,86,0.573430597782135,1,0
03,87,0.07220926135778427,0,0
03,88,0.439496248960495,0,0
03,89,0.006321309600025415,0,0
04,0,0.2297094166278839,0,0
04,1,0.1901959478855133,0,0
04,2,0.5889127254486084,1,0
04,3,0.5733786821365356,1,0
04,4,0.581109344959259,1,0
04,5,0.5729490518569946,1,0
04,6,0.7760975360870361,1,0
04,7,0.5894497632980347,1,0
04,8,0.32475709915161133,0,0
04,9,0.11338336765766144,0,0
04,10,0.3473120927810669,0,0
04,11,0.20732316374778748,0,0
04,12,0.015534712001681328,0,0
04,13,0.04817330464720726,0,0
04,14,0.32719850540161133,0,0
04,15,0.012993622571229935,0,0
04,16,0.5490257143974304,1,0
04,17,0.18157996237277985,0,0
04,18,0.7007927298545837,1,0
04,19,0.26672470569610596,0,0
04,20,0.7371586561203003,1,0
04,21,0.4773535132408142,0,0
04,22,0.7238743305206299,1,0
04,23,0.5044777393341064,1,0
04,24,0.22511421144008636,0,0
04,25,0.4232068359851837,0,0
04,26,0.23289956152439117,0,0
04,27,0.5067570209503174,1,0
04,28,0.8885433673858643,1,0
04,29,0.8097816109657288,1,0
04,30,0.009141746908426285,0,0
04,31,0.00830952450633049,0,0
04,32,0.027353180572390556,0,0
04,33,0.01938648149371147,0,0
04,34,0.05305187776684761,0,0
04,35,0.7401876449584961,1,0
04,36,0.21330806612968445,0,0
04,37,0.12004166096448898,0,0
04,38,0.026874013245105743,0,0
04,39,0.069226935505867,0,0
04,40,0.028718242421746254,0,0
04,41,0.0974728986620903,0,0
04,42,0.027995793148875237,0,0
04,43,0.004891181364655495,0,0
04,44,0.043300509452819824,0,0
04,45,0.054627083241939545,0,0
04,46,0.2906430661678314,0,0
04,47,0.017155179753899574,0,0
04,48,0.00033553707180544734,0,0
04,49,0.014108776114881039,0,0
04,50,0.03130989894270897,0,0
04,51,0.0038833050057291985,0,0
04,52,0.14450494945049286,0,0
04,53,0.0018372812774032354,0,0
04,54,0.000585188390687108,0,0
04,55,0.09548324346542358,0,0
04,56,0.06071046367287636,0,0
04,57,0.11065154522657394,0,0
04,58,0.07123292237520218,0,0
04,59,0.1509931981563568,0,0
04,60,0.10950136929750443,0,1
04,61,0.10142883658409119,0,1
04,62,0.028746401891112328,0,1
04,63,0.20502902567386627,0,1
04,64,0.06831949949264526,0,1
04,65,0.2167537361383438,0,1
04,66,0.34525325894355774,0,1
04,67,0.33559542894363403,0,1
04,68,0.21143586933612823,0,1
04,69,0.4381192624568939,0,1
04,70,0.09314268827438354,0,1
04,71,0.21712294220924377,0,1
04,72,0.8350051641464233,1,1
04,73,0.16907475888729095,0,1
04,74,0.117563396692276,0,1
04,75,0.11012469977140427,0,1
04,76,0.05118022486567497,0,1
04,77,0.054389528930187225,0,1
04,78,0.07980122417211533,0,1
04,79,0.09055379778146744,0,1
04,80,0.09177060425281525,0,1
04,81,0.09459340572357178,0,1
04,82,0.06880242377519608,0,1
04,83,0.1654488742351532,0,1
04,84,0.3759411573410034,0,1
04,85,0.19754065573215485,0,1
04,86,0.11500503122806549,0,1
04,87,0.056076351553201675,0,1
04,88,0.20453841984272003,0,1
04,89,0.03181571885943413,0,1
05,0,0.05487013980746269,0,0
05,1,0.004976779222488403,0,0
05,2,0.0055694314651191235,0,0
05,3,0.24311749637126923,0,0
05,4,0.12295038253068924,0,0
05,5,0.0010549910366535187,0,0
05,6,0.008196685463190079,0,0
05,7,0.00221627252176404,0,0
05,8,0.003432823810726404,0,0
05,9,0.00820598192512989,0,0
05,10,0.005983871407806873,0,0
05,11,0.004609399475157261,0,0
05,12,0.010677431710064411,0,0
05,13,0.0040426189079880714,0,0
05,14,0.002904555294662714,0,0
05,15,0.3806583285331726,0,0
05,16,0.05280717462301254,0,0
05,17,0.06478333473205566,0,0
05,18,0.014244270510971546,0,0
05,19,0.0013191786129027605,0,0
05,20,0.005614190828055143,0,0
05,21,0.004489737097173929,0,0
05,22,0.003923671320080757,0,0
05,23,0.001971449237316847,0,0
05,24,0.0005204718909226358,0,0
05,25,0.0007395765278488398,0,0
05,26,0.006256967782974243,0,0
05,27,0.02829863503575325,0,0
05,28,0.0006543679628521204,0,0
05,29,0.004103160463273525,0,0
05,30,0.16526779532432556,0,1
05,31,0.028222130611538887,0,1
05,32,0.024400847032666206,0,1
05,33,0.0647377073764801,0,1
05,34,0.24770498275756836,0,1
05,35,0.07008843123912811,0,1
05,36,0.00557499285787344,0,1
05,37,0.04462951049208641,0,1
05,38,0.006309366784989834,0,1
05,39,0.05782981216907501,0,1
05,40,0.015956589952111244,0,1
05,41,0.2897256314754486,0,1
05,42,0.008635930716991425,0,1
05,43,0.004992425907403231,0,1
05,44,0.0022596062626689672,0,1
05,45,0.06673996895551682,0,1
05,46,0.007825486361980438,0,1
05,47,0.013461275957524776,0,1
05,48,0.03071552701294422,0,1
05,49,0.006809149403125048,0,1
05,50,0.009943489916622639,0,1
05,51,0.005796756129711866,0,1
05,52,0.004639372229576111,0,1
05,53,0.006471369881182909,0,1
05,54,0.021486477926373482,0,1
05,55,0.002361853839829564,0,1
05,56,0.0015025173779577017,0,1
05,57,0.005153579171746969,0,1
05,58,0.001526181004010141,0,1
05,59,0.02725888229906559,0,1
05,60,0.0292911808937788,0,0
05,61,0.0005644285120069981,0,0
05,62,0.00010574309271760285,0,0
05,63,0.006409946829080582,0,0
05,64,0.0010273457737639546,0,0
05,65,4.753459870698862e-05,0,0
05,66,0.0007603912963531911,0,0
05,67,0.0052056824788451195,0,0
05,68,0.02781561389565468,0,0
05,69,0.0005090351914986968,0,0
05,70,0.004866870120167732,0,0
05,71,0.02152266912162304,0,0
05,72,0.01303927879780531,0,0
05,73,0.00011338965123286471,0,0
05,74,0.0005945787415839732,0,0
05,75,0.00011424837430240586,0,0
05,76,0.0006700219819322228,0,0
05,77,0.0012912043603137136,0,0
05,78,0.00037238289951346815,0,0
05,79,0.005096198059618473,0,0
05,80,0.05611502006649971,0,0
05,81,0.14740288257598877,0,0
05,82,0.00120856415014714,0,0
05,83,0.04130013659596443,0,0
05,84,0.06578811258077621,0,0
05,85,0.01406486239284277,0,0
05,86,0.055675845593214035,0,0
05,87,0.002573546255007386,0,0
05,88,0.006822535768151283,0,0
05,89,0.0006459681317210197,0,0
06,0,0.8875190019607544,1,0
06,1,0.7901256084442139,1,0
06,2,0.8094390034675598,1,0
06,3,0.9225234985351562,1,0
06,4,0.8292644619941711,1,0
06,5,0.6652137041091919,1,0
06,6,0.8666737079620361,1,0
06,7,0.8151425123214722,1,0
06,8,0.9570221900939941,1,0
06,9,0.9008578062057495,1,0
06,10,0.5887693166732788,1,0
06,11,0.9031276702880859,1,0
06,12,0.6996139287948608,1,0
06,13,0.896586537361145,1,0
06,14,0.8247029185295105,1,0
06,15,0.9540765285491943,1,0
06,16,0.940000057220459,1,0
06,17,0.94614177942276,1,0
06,18,0.853230357170105,1,0
06,19,0.817908525466919,1,0
06,20,0.9683165550231934,1,0
06,21,0.9494097232818604,1,0
06,22,0.7959932684898376,1,0
06,23,0.8138042092323303,1,0
06,24,0.6560475826263428,1,0
06,25,0.6877657175064087,1,0
06,26,0.7347442507743835,1,0
06,27,0.6137769222259521,1,0
06,28,0.38360795378685,0,0
06,29,0.21351982653141022,0,0
06,30,0.6531785130500793,1,1
06,31,0.9022987484931946,1,1
06,32,0.5569603443145752,1,1
06,33,0.8791142106056213,1,1
06,34,0.920193612575531,1,1
06,35,0.33842235803604126,0,1
06,36,0.8046203851699829,1,1
06,37,0.9869003891944885,1,1
06,38,0.9937711358070374,1,1
06,39,0.9556592106819153,1,1
06,40,0.5821408033370972,1,1
06,41,0.5367372035980225,1,1
06,42,0.18249213695526123,0,1
06,43,0.8057842254638672,1,1
06,44,0.7981501817703247,1,1
06,45,0.9595907926559448,1,1
06,46,0.8095563650131226,1,1
06,47,0.9331818222999573,1,1
06,48,0.9690767526626587,1,1
06,49,0.9699385166168213,1,1
06,50,0.4061138331890106,0,1
06,51,0.5312624573707581,1,1
06,52,0.7344667315483093,1,1
06,53,0.8020004630088806,1,1
06,54,0.47717443108558655,0,1
06,55,0.8958165049552917,1,1
06,56,0.8629839420318604,1,1
06,57,0.9532932043075562,1,1
06,58,0.964300811290741,1,1
06,59,0.7657535076141357,1,1
06,60,0.13492481410503387,0,0
06,61,0.39766162633895874,0,0
06,62,0.16167791187763214,0,0
06,63,0.9558854103088379,1,0
06,64,0.7939385175704956,1,0
06,65,0.6619451642036438,1,0
06,66,0.5142516493797302,1,0
06,67,0.30912885069847107,0,0
06,68,0.531189501285553,1,0
06,69,0.19889302551746368,0,0
06,70,0.4176870286464691,0,0
06,71,0.6644105911254883,1,0
06,72,0.8471465110778809,1,0
06,73,0.3216390609741211,0,0
06,74,0.02547973394393921,0,0
06,75,0.11995816975831985,0,0
06,76,0.7696887254714966,1,0
06,77,0.8888944983482361,1,0
06,78,0.47769758105278015,0,0
06,79,0.1623912900686264,0,0
06,80,0.43165916204452515,0,0
06,81,0.4341127574443817,0,0
06,82,0.1071537435054779,0,0
06,83,0.10320860147476196,0,0
06,84,0.14441175758838654,0,0
06,85,0.20605552196502686,0,0
06,86,0.08964850008487701,0,0
06,87,0.07582495361566544,0,0
06,88,0.006092218682169914,0,0
06,89,0.0044915215112268925,0,0
07,0,0.3767056167125702,0,0
07,1,0.41280052065849304,0,0
07,2,0.7763261198997498,1,0
07,3,0.5475810766220093,1,0
07,4,0.2853204309940338,0,0
07,5,0.4459644556045532,0,0
07,6,0.5531859397888184,1,0
07,7,0.49725911021232605,0,0
07,8,0.20041507482528687,0,0
07,9,0.8263458013534546,1,0
07,10,0.5116351842880249,1,0
07,11,0.9352275729179382,1,0
07,12,0.5919452905654907,1,0
07,13,0.4786679744720459,0,0
07,14,0.44465866684913635,0,0
07,15,0.5515761375427246,1,0
07,16,0.7227131128311157,1,0
07,17,0.8034631013870239,1,0
07,18,0.6731391549110413,1,0
07,19,0.562091588973999,1,0
07,20,0.6538078784942627,1,0
07,21,0.7184255123138428,1,0
07,22,0.4406670331954956,0,0
07,23,0.44769254326820374,0,0
07,24,0.44420748949050903,0,0
07,25,0.7903252243995667,1,0
07,26,0.7414762377738953,1,0
07,27,0.4832814335823059,0,0
07,28,0.7720212340354919,1,0
07,29,0.5643275380134583,1,0
07,30,0.016606051474809647,0,1
07,31,0.08229026198387146,0,1
07,32,0.1306462436914444,0,1
07,33,0.4679642915725708,0,1
07,34,0.1974097490310669,0,1
07,35,0.09724640101194382,0,1
07,36,0.29571160674095154,0,1
07,37,0.11878913640975952,0,1
07,38,0.0873073861002922,0,1
07,39,0.10234401375055313,0,1
07,40,0.19247356057167053,0,1
07,41,0.01930241286754608,0,1
07,42,0.017392214387655258,0,1
07,43,0.01845443621277809,0,1
07,44,0.014044101350009441,0,1
07,45,0.04037795588374138,0,1
07,46,0.03347097709774971,0,1
07,47,0.03274216502904892,0,1
07,48,0.2512052357196808,0,1
07,49,0.04143068566918373,0,1
07,50,0.0333525612950325,0,1
07,51,0.006101814564317465,0,1
07,52,0.06491735577583313,0,1
07,53,0.037917058914899826,0,1
07,54,0.07629875838756561,0,1
07,55,0.057902414351701736,0,1
07,56,0.10592225193977356,0,1
07,57,0.004241158254444599,0,1
07,58,0.012497411109507084,0,1
07,59,0.01889592781662941,0,1
07,60,0.1821323037147522,0,0
07,61,0.0182131826877594,0,0
07,62,0.02342469058930874,0,0
07,63,0.2460816204547882,0,0
07,64,0.04469446465373039,0,0
07,65,0.040386319160461426,0,0
07,66,0.05850281938910484,0,0
07,67,0.007602577097713947,0,0
07,68,0.06001170724630356,0,0
07,69,0.06401406973600388,0,0
07,70,0.852677047252655,1,0
07,71,0.08339258283376694,0,0
07,72,0.05085296183824539,0,0
07,73,0.1811971366405487,0,0
07,74,0.02876936085522175,0,0
07,75,0.22525569796562195,0,0
07,76,0.4595082998275757,0,0
07,77,0.18150313198566437,0,0
07,78,0.04662702977657318,0,0
07,79,0.12183251231908798,0,0
07,80,0.04990105330944061,0,0
07,81,0.21744389832019806,0,0
07,82,0.31250888109207153,0,0
07,83,0.8005523681640625,1,0
07,84,0.09853445738554001,0,0
07,85,0.0164400152862072,0,0
07,86,0.0030129023361951113,0,0
07,87,0.0494016669690609,0,0
07,88,0.0088970847427845,0,0
07,89,0.003387447912245989,0,0
08,0,0.15419816970825195,0,1
08,1,0.09553499519824982,0,1
08,2,0.17493872344493866,0,1
08,3,0.24919120967388153,0,1
08,4,0.34608763456344604,0,1
08,5,0.40643638372421265,0,1
08,6,0.5864152908325195,1,1
08,7,0.3919782042503357,0,1
08,8,0.20283618569374084,0,1
08,9,0.5970141887664795,1,1
08,10,0.42128780484199524,0,1
08,11,0.3935127854347229,0,1
08,12,0.8598491549491882,1,1
08,13,0.9794701337814331,1,1
08,14,0.7415057420730591,1,1
08,15,0.880944550037384,1,1
08,16,0.9547669291496277,1,1
08,17,0.8785251379013062,1,1
08,18,0.9360628128051758,1,1
08,19,0.5774639844894409,1,1
08,20,0.9833472967147827,1,1
08,21,0.09274087846279144,0,1
08,22,0.9536484479904175,1,1
08,23,0.9875240325927734,1,1
08,24,0.9614360928535461,1,1
08,25,0.5234373807907104,1,1
08,26,0.9440456628799438,1,1
08,27,0.8187516927719116,1,1
08,28,0.9937452673912048,1,1
08,29,0.9981724619865417,1,1
08,30,0.06310801953077316,0,0
08,31,0.10568306595087051,0,0
08,32,0.048925772309303284,0,0
08,33,0.32103896141052246,0,0
08,34,0.16713833808898926,0,0
08,35,0.36643925309181213,0,0
08,36,0.05563635751605034,0,0
08,37,0.05049212649464607,0,0
08,38,0.1985626071691513,0,0
08,39,0.38054683804512024,0,0
08,40,0.42852768301963806,0,0
08,41,0.8341538310050964,1,0
08,42,0.6003265380859375,1,0
08,43,0.6066247224807739,1,0
08,44,0.4788975417613983,0,0
08,45,0.3566264510154724,0,0
08,46,0.4027178883552551,0,0
08,47,0.5400170683860779,1,0
08,48,0.6839233636856079,1,0
08,49,0.696057915687561,1,0
08,50,0.7510148286819458,1,0
08,51,0.8644709587097168,1,0
08,52,0.6254839897155762,1,0
08,53,0.6443556547164917,1,0
08,54,0.565574049949646,1,0
08,55,0.2896936237812042,0,0
08,56,0.4358275830745697,0,0
08,57,0.2886562943458557,0,0
08,58,0.09316079318523407,0,0
08,59,0.21051476895809174,0,0
08,60,0.8792685866355896,1,0
08,61,0.8759276866912842,1,0
08,62,0.5216459631919861,1,0
08,63,0.29864266514778137,0,0
08,64,0.2632097601890564,0,0
08,65,0.8289498090744019,1,0
08,66,0.11195802688598633,0,0
08,67,0.19965046644210815,0,0
08,68,0.15990102291107178,0,0
08,69,0.10896161943674088,0,0
08,70,0.01767962984740734,0,0
08,71,0.19175583124160767,0,0
08,72,0.22562740743160248,0,0
08,73,0.5981069207191467,1,0
08,74,0.6177211403846741,1,0
08,75,0.10482523590326309,0,0
08,76,0.3232901692390442,0,0
08,77,0.6603538990020752,1,0
08,78,0.4176405072212219,0,0
08,79,0.7036069631576538,1,0
08,80,0.6467734575271606,1,0
08,81,0.6287360191345215,1,0
08,82,0.3542247712612152,0,0
08,83,0.5162288546562195,1,0
08,84,0.5343790054321289,1,0
08,85,0.622124969959259,1,0
08,86,0.4256879389286041,0,0
08,87,0.41351258754730225,0,0
08,88,0.10486134141683578,0,0
08,89,0.14974533021450043,0,0
09,0,0.03635392710566521,0,0
09,1,0.21095257997512817,0,0
09,2,0.006322136614471674,0,0
09,3,0.029038554057478905,0,0
09,4,0.06095133349299431,0,0
09,5,0.16077367961406708,0,0
09,6,0.06402574479579926,0,0
09,7,0.273723840713501,0,0
09,8,0.3311602473258972,0,0
09,9,0.5563092231750488,1,0
09,10,0.17574968934059143,0,0
09,11,0.1667824685573578,0,0
09,12,0.37456926703453064,0,0
09,13,0.540477991104126,1,0
09,14,0.056421250104904175,0,0
09,15,0.23833920061588287,0,0
09,16,0.5863012075424194,1,0
09,17,0.0668795183300972,0,0
09,18,0.12132728099822998,0,0
09,19,0.013556988909840584,0,0
09,20,0.03938498720526695,0,0
09,21,0.002754556480795145,0,0
09,22,0.002820823108777404,0,0
09,23,0.00045158842112869024,0,0
09,24,0.04311322048306465,0,0
09,25,0.055160246789455414,0,0
09,26,0.04200543835759163,0,0
09,27,0.05084728077054024,0,0
09,28,0.08559378236532211,0,0
09,29,0.20247115194797516,0,0
09,30,0.014818480238318443,0,1
09,31,0.026819616556167603,0,1
09,32,0.05439227819442749,0,1
09,33,0.019175706431269646,0,1
09,34,0.028805803507566452,0,1
09,35,0.09453000873327255,0,1
09,36,0.115563303232193,0,1
09,37,0.09554494917392731,0,1
09,38,0.13885393738746643,0,1
09,39,0.2677764892578125,0,1
09,40,0.23272176086902618,0,1
09,41,0.022198084741830826,0,1
09,42,0.06883864104747772,0,1
09,43,0.028707491233944893,0,1
09,44,0.06042439863085747,0,1
09,45,0.08499855548143387,0,1
09,46,0.11768116801977158,0,1
09,47,0.13643454015254974,0,1
09,48,0.11931353807449341,0,1
09,49,0.04249067232012749,0,1
09,50,0.038060277700424194,0,1
09,51,0.2168089896440506,0,1
09,52,0.0732259750366211,0,1
09,53,0.03473448008298874,0,1
09,54,0.03794337064027786,0,1
09,55,0.009070645086467266,0,1
09,56,0.022103402763605118,0,1
09,57,0.044515326619148254,0,1
09,58,0.23684783279895782,0,1
09,59,0.14755724370479584,0,1
09,60,0.004397266544401646,0,0
09,61,0.0010663402499631047,0,0
09,62,0.0007817000150680542,0,0
09,63,5.58495448785834e-05,0,0
09,64,4.1766634240048006e-05,0,0
09,65,0.00015390322369057685,0,0
09,66,8.827581041259691e-05,0,0
09,67,2.3392281946144067e-05,0,0
09,68,1.8584967619972304e-05,0,0
09,69,6.56855627312325e-05,0,0
09,70,2.4386808945564553e-05,0,0
09,71,0.00014004796685185283,0,0
09,72,0.0001929865247802809,0,0
09,73,0.00015221188368741423,0,0
09,74,0.0022423206828534603,0,0
09,75,0.003718218533322215,0,0
09,76,0.00087773083942011,0,0
09,77,0.0014257046859711409,0,0
09,78,0.0005009731976315379,0,0
09,79,5.0555689085740596e-05,0,0
09,80,6.146715168142691e-05,0,0
09,81,7.1363800088875e-05,0,0
09,82,0.00011763181100832298,0,0
09,83,0.00011803137022070587,0,0
09,84,0.00010312610538676381,0,0
09,85,0.00019393577531445771,0,0
09,86,0.00037642629467882216,0,0
09,87,1.6636609871056862e-05,0,0
09,88,4.860557965002954e-05,0,0
09,89,0.00016651174519211054,0,0
10,0,0.43640685081481934,0,1
10,1,0.017943674698472023,0,1
10,2,0.01238773949444294,0,1
10,3,0.008499588817358017,0,1
10,4,0.2502210736274719,0,1
10,5,0.0037443835753947496,0,1
10,6,0.40379053354263306,0,1
10,7,0.009756441228091717,0,1
10,8,0.048929356038570404,0,1
10,9,0.23132027685642242,0,1
10,10,0.0048222835175693035,0,1
10,11,0.006749821361154318,0,1
10,12,0.37199467420578003,0,1
10,13,0.5295867919921875,1,1
10,14,0.20173616707324982,0,1
10,15,0.5833052396774292,1,1
10,16,0.08197221159934998,0,1
10,17,0.1598234474658966,0,1
10,18,0.04181346669793129,0,1
10,19,0.07427218556404114,0,1
10,20,0.20841020345687866,0,1
10,21,0.014521755278110504,0,1
10,22,0.03242727741599083,0,1
10,23,0.08689886331558228,0,1
10,24,0.18596769869327545,0,1
10,25,0.8984823226928711,1,1
10,26,0.007486924063414335,0,1
10,27,0.03250116482377052,0,1
10,28,0.016019107773900032,0,1
10,29,0.09434667974710464,0,1
10,30,0.012018594890832901,0,0
10,31,0.014244543388485909,0,0
10,32,0.20973770320415497,0,0
10,33,0.0022682184353470802,0,0
10,34,0.032319966703653336,0,0
10,35,0.019736705347895622,0,0
10,36,0.009355173446238041,0,0
10,37,0.08631771057844162,0,0
10,38,0.00831358041614294,0,0
10,39,0.1798386573791504,0,0
10,40,0.21372781693935394,0,0
10,41,0.015498489141464233,0,0
10,42,0.053111884742975235,0,0
10,43,0.005818006582558155,0,0
10,44,0.02857128344476223,0,0
10,45,0.022156953811645508,0,0
10,46,0.029314998537302017,0,0
10,47,0.0464724600315094,0,0
10,48,0.051680680364370346,0,0
10,49,0.010588513687252998,0,0
10,50,0.012226840481162071,0,0
10,51,0.0812697559595108,0,0
10,52,0.024923548102378845,0,0
10,53,0.0754740908741951,0,0
10,54,0.0028045745566487312,0,0
10,55,0.022846492007374763,0,0
10,56,0.0070397816598415375,0,0
10,57,0.004966890439391136,0,0
10,58,0.0072332811541855335,0,0
10,59,0.021431859582662582,0,0
10,60,0.0012932565296068788,0,0
10,61,0.000899962498806417,0,0
10,62,0.003774957964196801,0,0
10,63,0.029854165390133858,0,0
10,64,0.0020394788589328527,0,0
10,65,0.009042402729392052,0,0
10,66,0.024347485974431038,0,0
10,67,0.005417130887508392,0,0
10,68,0.001027946942485869,0,0
10,69,0.00019215475185774267,0,0
10,70,0.0054007931612432,0,0
10,71,0.0031727792229503393,0,0
10,72,0.0005626730853691697,0,0
10,73,0.003201740561053157,0,0
10,74,0.000375844887457788,0,0
10,75,0.003469844115898013,0,0
10,76,0.005671723745763302,0,0
10,77,5.339128620107658e-05,0,0
10,78,0.000286922964733094,0,0
10,79,0.0005598918069154024,0,0
10,80,0.005453276913613081,0,0
10,81,0.05020485445857048,0,0
10,82,0.0871029943227768,0,0
10,83,0.0550774484872818,0,0
10,84,0.005862850695848465,0,0
10,85,0.0008669931557960808,0,0
10,86,0.0053418297320604324,0,0
10,87,0.02126162312924862,0,0
10,88,0.028556624427437782,0,0
10,89,0.0004605813592206687,0,0
11,0,0.2473641335964203,0,0
11,1,0.09010999649763107,0,0
11,2,0.32099220156669617,0,0
11,3,0.15728284418582916,0,0
11,4,0.3512256145477295,0,0
11,5,0.003958957735449076,0,0
11,6,0.1826920211315155,0,0
11,7,0.056537728756666183,0,0
11,8,0.23676925897598267,0,0
11,9,0.13688944280147552,0,0
11,10,0.007747494149953127,0,0
11,11,0.005455392878502607,0,0
11,12,0.00019761547446250916,0,0
11,13,0.017192397266626358,0,0
11,14,0.028834348544478416,0,0
11,15,0.02682342939078808,0,0
11,16,0.016603054478764534,0,0
11,17,0.1055697426199913,0,0
11,18,0.02508564665913582,0,0
11,19,0.3689841330051422,0,0
11,20,0.04951781779527664,0,0
11,21,0.00111501628998667,0,0
11,22,0.0006054192781448364,0,0
11,23,0.005775699391961098,0,0
11,24,0.001460693427361548,0,0
11,25,0.011397183872759342,0,0
11,26,0.0027472299989312887,0,0
11,27,0.0008454076596535742,0,0
11,28,0.004009972792118788,0,0
11,29,0.0004020068154204637,0,0
11,30,0.020328352227807045,0,0
11,31,0.011915258131921291,0,0
11,32,0.004647588357329369,0,0
11,33,0.003574088681489229,0,0
11,34,0.0034757473040372133,0,0
11,35,0.015559664927423,0,0
11,36,0.004502038937062025,0,0
11,37,0.03858035057783127,0,0
11,38,0.037825584411621094,0,0
11,39,0.00465726014226675,0,0
11,40,0.05854523181915283,0,0
11,41,0.0053509436547756195,0,0
11,42,0.00503569096326828,0,0
11,43,0.005861252546310425,0,0
11,44,0.001495811971835792,0,0
11,45,0.003533346578478813,0,0
11,46,0.022246576845645905,0,0
11,47,0.007098558358848095,0,0
11,48,0.009019814431667328,0,0
11,49,0.007731114514172077,0,0
11,50,0.050796836614608765,0,0
11,51,0.005518171004951,0,0
11,52,0.0025677753146737814,0,0
11,53,0.011956258676946163,0,0
11,54,0.010598688386380672,0,0
11,55,0.0025128149427473545,0,0
11,56,0.007658387999981642,0,0
11,57,0.0034552139695733786,0,0
11,58,0.0013466431992128491,0,0
11,59,0.0019223932176828384,0,0
11,60,0.004889357835054398,0,1
11,61,0.04887830838561058,0,1
11,62,0.014321821741759777,0,1
11,63,0.014880003407597542,0,1
11,64,0.018607858568429947,0,1
11,65,0.014967375434935093,0,1
11,66,0.021840039640665054,0,1
11,67,0.0009007122134789824,0,1
11,68,0.0005380873917602003,0,1
11,69,0.00405497569590807,0,1
11,70,0.007511025760322809,0,1
11,71,0.005763680208474398,0,1
11,72,0.028016861528158188,0,1
11,73,0.011346288956701756,0,1
11,74,0.03918162360787392,0,1
11,75,0.013067260384559631,0,1
11,76,0.01117493212223053,0,1
11,77,0.028467990458011627,0,1
11,78,0.041215818375349045,0,1
11,79,0.007723002228885889,0,1
11,80,0.05307934805750847,0,1
11,81,0.0023902738466858864,0,1
11,82,0.0007403921335935593,0,1
11,83,0.012362649664282799,0,1
11,84,0.010572100058197975,0,1
11,85,0.025608552619814873,0,1
11,86,0.016213318333029747,0,1
11,87,0.22750912606716156,0,1
11,88,0.036332305520772934,0,1
11,89,0.03413268178701401,0,1
12,0,0.8440040349960327,1,0
12,1,0.83439040184021,1,0
12,2,0.43722355365753174,0,0
12,3,0.022199351340532303,0,0
12,4,0.34091916680336,0,0
12,5,0.600862443447113,1,0
12,6,0.7237066030502319,1,0
12,7,0.22611074149608612,0,0
12,8,0.09857931733131409,0,0
12,9,0.020712560042738914,0,0
12,10,0.7709400653839111,1,0
12,11,0.016302049160003662,0,0
12,12,0.03518394008278847,0,0
12,13,0.012245392426848412,0,0
12,14,0.2918682098388672,0,0
12,15,0.06765282154083252,0,0
12,16,0.1856396198272705,0,0
12,17,0.02407669462263584,0,0
12,18,0.039389852434396744,0,0
12,19,0.13012515008449554,0,0
12,20,0.06346230208873749,0,0
12,21,0.006645187269896269,0,0
12,22,0.0161795224994421,0,0
12,23,0.07979801297187805,0,0
12,24,0.13212557137012482,0,0
12,25,0.005816520657390356,0,0
12,26,0.06925510615110397,0,0
12,27,0.06879512220621109,0,0
12,28,0.5272098779678345,1,0
12,29,0.15398536622524261,0,0
12,30,0.7128423452377319,1,1
12,31,0.7420939803123474,1,1
12,32,0.4520893394947052,0,1
12,33,0.9531230926513672,1,1
12,34,0.6673193573951721,1,1
12,35,0.7150558233261108,1,1
12,36,0.23524126410484314,0,1
12,37,0.5727983713150024,1,1
12,38,0.5527850389480591,1,1
12,39,0.9083479046821594,1,1
12,40,0.9597098231315613,1,1
12,41,0.8860917091369629,1,1
12,42,0.8469886183738708,1,1
12,43,0.7940940260887146,1,1
12,44,0.8097196817398071,1,1
12,45,0.8055864572525024,1,1
12,46,0.2141040712594986,0,1
12,47,0.3777276277542114,0,1
12,48,0.5758653879165649,1,1
12,49,0.31134915351867676,0,1
12,50,0.41763079166412354,0,1
12,51,0.14549508690834045,0,1
12,52,0.11783148348331451,0,1
12,53,0.44209617376327515,0,1
12,54,0.20518115162849426,0,1
12,55,0.08078507333993912,0,1
12,56,0.3286207914352417,0,1
12,57,0.10239339619874954,0,1
12,58,0.29863542318344116,0,1
12,59,0.18610577285289764,0,1
12,60,0.06389697641134262,0,0
12,61,0.7466052770614624,1,0
12,62,0.818138599395752,1,0
12,63,0.7110745906829834,1,0
12,64,0.3961264193058014,0,0
12,65,0.31876885890960693,0,0
12,66,0.36223024129867554,0,0
12,67,0.35202184319496155,0,0
12,68,0.6643959283828735,1,0
12,69,0.5127894878387451,1,0
12,70,0.5606461763381958,1,0
12,71,0.6948013305664062,1,0
12,72,0.23646798729896545,0,0
12,73,0.6186788082122803,1,0
12,74,0.6665045022964478,1,0
12,75,0.8719804286956787,1,0
12,76,0.5181187391281128,1,0
12,77,0.668168306350708,1,0
12,78,0.6195597648620605,1,0
12,79,0.8728395104408264,1,0
12,80,0.7653228640556335,1,0
12,81,0.8053032159805298,1,0
12,82,0.8255221843719482,1,0
12,83,0.4876725971698761,0,0
12,84,0.7811657190322876,1,0
12,85,0.8997623324394226,1,0
12,86,0.6646566390991211,1,0
12,87,0.5839908719062805,1,0
12,88,0.7730497717857361,1,0
12,89,0.8621788024902344,1,0
13,0,0.8034989833831787,1,0
13,1,0.6476122140884399,1,0
13,2,0.8015142679214478,1,0
13,3,0.9736342430114746,1,0
13,4,0.9334263801574707,1,0
13,5,0.864899754524231,1,0
13,6,0.3652976453304291,0,0
13,7,0.6542009115219116,1,0
13,8,0.5931746959686279,1,0
13,9,0.15757612884044647,0,0
13,10,0.9101604223251343,1,0
13,11,0.6125732064247131,1,0
13,12,0.5304560661315918,1,0
13,13,0.15970894694328308,0,0
13,14,0.4330901801586151,0,0
13,15,0.869391679763794,1,0
13,16,0.9645727872848511,1,0
13,17,0.8645130395889282,1,0
13,18,0.2754581868648529,0,0
13,19,0.7740898728370667,1,0
13,20,0.6684970855712891,1,0
13,21,0.5496492385864258,1,0
13,22,0.6433161497116089,1,0
13,23,0.9034429788589478,1,0
13,24,0.6890830993652344,1,0
13,25,0.8954342007637024,1,0
13,26,0.9771535396575928,1,0
13,27,0.9362903833389282,1,0
13,28,0.8949387073516846,1,0
13,29,0.8976868987083435,1,0
13,30,0.9948905110359192,1,1
13,31,0.9729596972465515,1,1
13,32,0.9656494855880737,1,1
13,33,0.9597200751304626,1,1
13,34,0.9497451782226562,1,1
13,35,0.9523140788078308,1,1
13,36,0.9357864260673523,1,1
13,37,0.9171155095100403,1,1
13,38,0.9889046549797058,1,1
13,39,0.9469608068466187,1,1
13,40,0.9089425206184387,1,1
13,41,0.956188440322876,1,1
13,42,0.9512521624565125,1,1
13,43,0.9564729928970337,1,1
13,44,0.9416590929031372,1,1
13,45,0.9791041016578674,1,1
13,46,0.9762628674507141,1,1
13,47,0.9877859950065613,1,1
13,48,0.9831957817077637,1,1
13,49,0.9823602437973022,1,1
13,50,0.8563709855079651,1,1
13,51,0.9929868578910828,1,1
13,52,0.9799481630325317,1,1
13,53,0.9520735740661621,1,1
13,54,0.9931398630142212,1,1
13,55,0.9247455596923828,1,1
13,56,0.9835538864135742,1,1
13,57,0.9813759326934814,1,1
13,58,0.9362999200820923,1,1
13,59,0.9480434060096741,1,1
13,60,0.49287325143814087,0,0
13,61,0.03356686607003212,0,0
13,62,0.10524841398000717,0,0
13,63,0.5207377672195435,1,0
13,64,0.057317402213811874,0,0
13,65,0.32867303490638733,0,0
13,66,0.13412807881832123,0,0
13,67,0.08105532824993134,0,0
13,68,0.12668411433696747,0,0
13,69,0.07001245766878128,0,0
13,70,0.2407829463481903,0,0
13,71,0.2536296248435974,0,0
13,72,0.23915134370326996,0,0
13,73,0.1333564668893814,0,0
13,74,0.1168779730796814,0,0
13,75,0.010727083310484886,0,0
13,76,0.11622998118400574,0,0
13,77,0.03367893025279045,0,0
13,78,0.06563035398721695,0,0
13,79,0.10249461233615875,0,0
13,80,0.09739173203706741,0,0
13,81,0.04023618623614311,0,0
13,82,0.06111903488636017,0,0
13,83,0.0037636433262377977,0,0
13,84,0.01643730327486992,0,0
13,85,0.25717759132385254,0,0
13,86,0.15046973526477814,0,0
13,87,0.02308560349047184,0,0
13,88,0.062248364090919495,0,0
13,89,0.1819506585597992,0,0
14,0,0.5715382099151611,1,1
14,1,0.7352453470230103,1,1
14,2,0.7962292432785034,1,1
14,3,0.7630167007446289,1,1
14,4,0.8564876914024353,1,1
14,5,0.9756414890289307,1,1
14,6,0.8827341794967651,1,1
14,7,0.8701854348182678,1,1
14,8,0.6468632221221924,1,1
14,9,0.8884193301200867,1,1
14,10,0.9267610907554626,1,1
14,11,0.8265599012374878,1,1
14,12,0.9044018983840942,1,1
14,13,0.7115976214408875,1,1
14,14,0.8563542366027832,1,1
14,15,0.9540601968765259,1,1
14,16,0.8288870453834534,1,1
14,17,0.9300030469894409,1,1
14,18,0.9257797002792358,1,1
14,19,0.92802894115448,1,1
14,20,0.9475737810134888,1,1
14,21,0.9441354870796204,1,1
14,22,0.6761047840118408,1,1
14,23,0.7611787915229797,1,1
14,24,0.8333592414855957,1,1
14,25,0.7339169383049011,1,1
14,26,0.850206732749939,1,1
14,27,0.6771852970123291,1,1
14,28,0.7242058515548706,1,1
14,29,0.7567110061645508,1,1
14,30,0.4165119230747223,0,0
14,31,0.12085998058319092,0,0
14,32,0.20192888379096985,0,0
14,33,0.13210636377334595,0,0
14,34,0.3209196925163269,0,0
14,35,0.4176951050758362,0,0
14,36,0.24478164315223694,0,0
14,37,0.29665762186050415,0,0
14,38,0.18528763949871063,0,0
14,39,0.17265887558460236,0,0
14,40,0.288234144449234,0,0
14,41,0.11411495506763458,0,0
14,42,0.08635812252759933,0,0
14,43,0.2240847498178482,0,0
14,44,0.0912417620420456,0,0
14,45,0.09762079268693924,0,0
14,46,0.06192857772111893,0,0
14,47,0.2102789580821991,0,0
14,48,0.09663458913564682,0,0
14,49,0.14728067815303802,0,0
14,50,0.12228590995073318,0,0
14,51,0.12299959361553192,0,0
14,52,0.12318828701972961,0,0
14,53,0.18948429822921753,0,0
14,54,0.4067988693714142,0,0
14,55,0.15662556886672974,0,0
14,56,0.13076047599315643,0,0
14,57,0.27700018882751465,0,0
14,58,0.1989901065826416,0,0
14,59,0.08699815720319748,0,0
14,60,0.9917899966239929,1,0
14,61,0.9479854106903076,1,0
14,62,0.9360716342926025,1,0
14,63,0.8409531116485596,1,0
14,64,0.9748206734657288,1,0
14,65,0.9358829855918884,1,0
14,66,0.833698034286499,1,0
14,67,0.7688041925430298,1,0
14,68,0.9480030536651611,1,0
14,69,0.9714077115058899,1,0
14,70,0.9463173747062683,1,0
14,71,0.9171638488769531,1,0
14,72,0.8808992505073547,1,0
14,73,0.9004054069519043,1,0
14,74,0.9873981475830078,1,0
14,75,0.9617042541503906,1,0
14,76,0.9613932371139526,1,0
14,77,0.9600565433502197,1,0
14,78,0.5059693455696106,1,0
14,79,0.96083003282547,1,0
14,80,0.9181946516036987,1,0
14,81,0.9500465989112854,1,0
14,82,0.9766851663589478,1,0
14,83,0.5807455778121948,1,0
14,84,0.7912253141403198,1,0
14,85,0.9063605666160583,1,0
14,86,0.937212347984314,1,0
14,87,0.8414956331253052,1,0
14,88,0.9127894043922424,1,0
14,89,0.9098930954933167,1,0
15,0,0.09380830079317093,0,0
15,1,0.006493542809039354,0,0
15,2,0.01890481449663639,0,0
15,3,0.09030905365943909,0,0
15,4,0.013165379874408245,0,0
15,5,0.005863512400537729,0,0
15,6,0.19803498685359955,0,0
15,7,0.39198070764541626,0,0
15,8,0.09609278291463852,0,0
15,9,0.05960215628147125,0,0
15,10,0.07126825302839279,0,0
15,11,0.11049175262451172,0,0
15,12,0.02133988030254841,0,0
15,13,0.0725053995847702,0,0
15,14,0.026030123233795166,0,0
15,15,0.23987510800361633,0,0
15,16,0.006001266185194254,0,0
15,17,0.007694717962294817,0,0
15,18,0.032023850828409195,0,0
15,19,0.01045203860849142,0,0
15,20,0.007413856219500303,0,0
15,21,0.02038736827671528,0,0
15,22,0.008153270930051804,0,0
15,23,0.0341307707130909,0,0
15,24,0.011245309375226498,0,0
15,25,0.040898647159338,0,0
15,26,0.01604483462870121,0,0
15,27,0.009371742606163025,0,0
15,28,0.01757120154798031,0,0
15,29,0.018099918961524963,0,0
15,30,0.034110866487026215,0,0
15,31,0.12301957607269287,0,0
15,32,0.05814084783196449,0,0
15,33,0.003779162187129259,0,0
15,34,0.02029513195157051,0,0
15,35,0.02800561860203743,0,0
15,36,0.3753012418746948,0,0
15,37,0.022808296605944633,0,0
15,38,0.04932411015033722,0,0
15,39,0.10758107900619507,0,0
15,40,0.3338963985443115,0,0
15,41,0.8090863227844238,1,0
15,42,0.007080258801579475,0,0
15,43,0.14980489015579224,0,0
15,44,0.0017407324630767107,0,0
15,45,0.03905320540070534,0,0
15,46,0.05864712595939636,0,0
15,47,0.004873886704444885,0,0
15,48,0.045977883040905,0,0
15,49,0.4303552210330963,0,0
15,50,0.20338882505893707,0,0
15,51,0.44003790616989136,0,0
15,52,0.31091630458831787,0,0
15,53,0.22560171782970428,0,0
15,54,0.0806112289428711,0,0
15,55,0.43669912219047546,0,0
15,56,0.032922860234975815,0,0
15,57,0.07319489866495132,0,0
15,58,0.013648358173668385,0,0
15,59,0.08681808412075043,0,0
15,60,0.02326095849275589,0,1
15,61,0.035218171775341034,0,1
15,62,0.15831337869167328,0,1
15,63,0.0059479838237166405,0,1
15,64,0.021716225892305374,0,1
15,65,0.2530367970466614,0,1
15,66,0.004325365647673607,0,1
15,67,0.03339825198054314,0,1
15,68,0.016333652660250664,0,1
15,69,0.006266780663281679,0,1
15,70,0.009026320651173592,0,1
15,71,0.01566878892481327,0,1
15,72,0.04261216148734093,0,1
15,73,0.012269541621208191,0,1
15,74,0.011496174149215221,0,1
15,75,0.015876777470111847,0,1
15,76,0.05445685237646103,0,1
15,77,0.0107571417465806,0,1
15,78,0.028185158967971802,0,1
15,79,0.004230904392898083,0,1
15,80,0.03712339326739311,0,1
15,81,0.09143704921007156,0,1
15,82,0.021445244550704956,0,1
15,83,0.047014158219099045,0,1
15,84,0.334261029958725,0,1
15,85,0.03886310011148453,0,1
15,86,0.011269612237811089,0,1
15,87,0.007104179821908474,0,1
15,88,0.005304486025124788,0,1
15,89,0.0031681465916335583,0,1
16,0,0.4901913106441498,0,0
16,1,0.1328272521495819,0,0
16,2,0.06110604479908943,0,0
16,3,0.14003752171993256,0,0
16,4,0.6593890190124512,1,0
16,5,0.7170230150222778,1,0
16,6,0.9281680583953857,1,0
16,7,0.7886632084846497,1,0
16,8,0.0433809794485569,0,0
16,9,0.43885719776153564,0,0
16,10,0.04102565348148346,0,0
16,11,0.3533940017223358,0,0
16,12,0.5335054397583008,1,0
16,13,0.8023471236228943,1,0
16,14,0.32352134585380554,0,0
16,15,0.08629850298166275,0,0
16,16,0.794556736946106,1,0
16,17,0.7032084465026855,1,0
16,18,0.6023573875427246,1,0
16,19,0.6052659153938293,1,0
16,20,0.7241901159286499,1,0
16,21,0.29704174399375916,0,0
16,22,0.14205516874790192,0,0
16,23,0.300595760345459,0,0
16,24,0.2893810570240021,0,0
16,25,0.17609259486198425,0,0
16,26,0.2288808822631836,0,0
16,27,0.6522157192230225,1,0
16,28,0.5477514266967773,1,0
16,29,0.33166006207466125,0,0
16,30,0.5786200761795044,1,0
16,31,0.5327035188674927,1,0
16,32,0.8524047136306763,1,0
16,33,0.8106151223182678,1,0
16,34,0.6275665760040283,1,0
16,35,0.9361319541931152,1,0
16,36,0.654309093952179,1,0
16,37,0.6564487218856812,1,0
16,38,0.6596475839614868,1,0
16,39,0.6795581579208374,1,0
16,40,0.5433183908462524,1,0
16,41,0.48144060373306274,0,0
16,42,0.8347078561782837,1,0
16,43,0.6069861650466919,1,0
16,44,0.39539581537246704,0,0
16,45,0.6292703151702881,1,0
16,46,0.417000412940979,0,0
16,47,0.7882881164550781,1,0
16,48,0.8109782338142395,1,0
16,49,0.7882215976715088,1,0
16,50,0.8524339199066162,1,0
16,51,0.8995800018310547,1,0
16,52,0.8299851417541504,1,0
16,53,0.37896135449409485,0,0
16,54,0.5044753551483154,1,0
16,55,0.35916271805763245,0,0
16,56,0.6975984573364258,1,0
16,57,0.6208298206329346,1,0
16,58,0.42189696431159973,0,0
16,59,0.3248315453529358,0,0
16,60,0.0026836826000362635,0,1
16,61,0.2939065098762512,0,1
16,62,0.1017378568649292,0,1
16,63,0.028352556750178337,0,1
16,64,0.12250552326440811,0,1
16,65,0.799369215965271,1,1
16,66,0.03273094817996025,0,1
16,67,0.28423842787742615,0,1
16,68,0.15093070268630981,0,1
16,69,0.4036131203174591,0,1
16,70,0.661426305770874,1,1
16,71,0.04983561486005783,0,1
16,72,0.06865028291940689,0,1
16,73,0.15213578939437866,0,1
16,74,0.31737038493156433,0,1
16,75,0.4337606430053711,0,1
16,76,0.34096506237983704,0,1
16,77,0.3711397647857666,0,1
16,78,0.07258010655641556,0,1
16,79,0.3119392991065979,0,1
16,80,0.3010120987892151,0,1
16,81,0.42388102412223816,0,1
16,82,0.18026918172836304,0,1
16,83,0.005391472484916449,0,1
16,84,0.014134794473648071,0,1
16,85,0.016471905633807182,0,1
16,86,0.09130391478538513,0,1
16,87,0.14717088639736176,0,1
16,88,0.7038540840148926,1,1
16,89,0.14355188608169556,0,1
17,0,0.5615285634994507,1,1
17,1,0.7599962949752808,1,1
17,2,0.7691344618797302,1,1
17,3,0.4450632929801941,0,1
17,4,0.4569718837738037,0,1
17,5,0.8731379508972168,1,1
17,6,0.5059078335762024,1,1
17,7,0.4226803183555603,0,1
17,8,0.6350575089454651,1,1
17,9,0.3479852080345154,0,1
17,10,0.5275855660438538,1,1
17,11,0.5322569608688354,1,1
17,12,0.8204867839813232,1,1
17,13,0.8199785947799683,1,1
17,14,0.7180984020233154,1,1
17,15,0.5975967645645142,1,1
17,16,0.8456444144248962,1,1
17,17,0.8384225964546204,1,1
17,18,0.7731001973152161,1,1
17,19,0.7674052715301514,1,1
17,20,0.7341777682304382,1,1
17,21,0.8659865856170654,1,1
17,22,0.7158893346786499,1,1
17,23,0.5994930863380432,1,1
17,24,0.6446377635002136,1,1
17,25,0.7841784954071045,1,1
17,26,0.7966306805610657,1,1
17,27,0.8738549947738647,1,1
17,28,0.8995846509933472,1,1
17,29,0.8309369683265686,1,1
17,30,0.973022997379303,1,0
17,31,0.8394060730934143,1,0
17,32,0.9333715438842773,1,0
17,33,0.7082327604293823,1,0
17,34,0.6344058513641357,1,0
17,35,0.966635525226593,1,0
17,36,0.9342020750045776,1,0
17,37,0.9096485376358032,1,0
17,38,0.8938701152801514,1,0
17,39,0.7656312584877014,1,0
17,40,0.7796509265899658,1,0
17,41,0.8382030129432678,1,0
17,42,0.5644710063934326,1,0
17,43,0.8242419958114624,1,0
17,44,0.8879143595695496,1,0
17,45,0.9352927803993225,1,0
17,46,0.8118335604667664,1,0
17,47,0.8698943257331848,1,0
17,48,0.829694390296936,1,0
17,49,0.4401007890701294,0,0
17,50,0.778262734413147,1,0
17,51,0.6185393333435059,1,0
17,52,0.8433098793029785,1,0
17,53,0.8345924615859985,1,0
17,54,0.9618445038795471,1,0
17,55,0.9121338129043579,1,0
17,56,0.8318698406219482,1,0
17,57,0.742001473903656,1,0
17,58,0.8020603656768799,1,0
17,59,0.8425461053848267,1,0
17,60,0.678504228591919,1,0
17,61,0.6061157584190369,1,0
17,62,0.7019428014755249,1,0
17,63,0.518376350402832,1,0
17,64,0.496858149766922,0,0
17,65,0.34169620275497437,0,0
17,66,0.8739387392997742,1,0
17,67,0.6378942131996155,1,0
17,68,0.5165102481842041,1,0
17,69,0.5185397267341614,1,0
17,70,0.8130761981010437,1,0
17,71,0.7754522562026978,1,0
17,72,0.6157932281494141,1,0
17,73,0.5104359984397888,1,0
17,74,0.6814550161361694,1,0
17,75,0.7488999366760254,1,0
17,76,0.8116843104362488,1,0
17,77,0.7327673435211182,1,0
17,78,0.8119964599609375,1,0
17,79,0.8129122257232666,1,0
17,80,0.8984442949295044,1,0
17,81,0.868154764175415,1,0
17,82,0.6803054809570312,1,0
17,83,0.6116276979446411,1,0
17,84,0.47216659784317017,0,0
17,85,0.6399062871932983,1,0
17,86,0.7875673174858093,1,0
17,87,0.8764052987098694,1,0
17,88,0.8120490312576294,1,0
17,89,0.6703482866287231,1,0
18,0,0.707710862159729,1,0
18,1,0.9458550214767456,1,0
18,2,0.8343990445137024,1,0
18,3,0.7356609106063843,1,0
18,4,0.914229154586792,1,0
18,5,0.648417592048645,1,0
18,6,0.634101927280426,1,0
18,7,0.8097373247146606,1,0
18,8,0.8901412487030029,1,0
18,9,0.8401250839233398,1,0
18,10,0.5992878675460815,1,0
18,11,0.6616048216819763,1,0
18,12,0.03787172958254814,0,0
18,13,0.6260441541671753,1,0
18,14,0.5356649160385132,1,0
18,15,0.5721743702888489,1,0
18,16,0.39358705282211304,0,0
18,17,0.1298098862171173,0,0
18,18,0.20507466793060303,0,0
18,19,0.04923854395747185,0,0
18,20,0.15543889999389648,0,0
18,21,0.32429128885269165,0,0
18,22,0.5298333168029785,1,0
18,23,0.2112785428762436,0,0
18,24,0.615262508392334,1,0
18,25,0.34757834672927856,0,0
18,26,0.143133744597435,0,0
18,27,0.7435755729675293,1,0
18,28,0.0945054367184639,0,0
18,29,0.4545210003852844,0,0
18,30,0.08190696686506271,0,0
18,31,0.852044939994812,1,0
18,32,0.6167562007904053,1,0
18,33,0.569976806640625,1,0
18,34,0.7289564609527588,1,0
18,35,0.45466580986976624,0,0
18,36,0.7394675016403198,1,0
18,37,0.28742074966430664,0,0
18,38,0.9429113268852234,1,0
18,39,0.9863543510437012,1,0
18,40,0.6951213479042053,1,0
18,41,0.9044622182846069,1,0
18,42,0.9660889506340027,1,0
18,43,0.9630733132362366,1,0
18,44,0.28554683923721313,0,0
18,45,0.8287991285324097,1,0
18,46,0.751960813999176,1,0
18,47,0.9326180219650269,1,0
18,48,0.9781027436256409,1,0
18,49,0.9550023078918457,1,0
18,50,0.7408161163330078,1,0
18,51,0.8376004099845886,1,0
18,52,0.4675622880458832,0,0
18,53,0.5778056383132935,1,0
18,54,0.10310666263103485,0,0
18,55,0.16424411535263062,0,0
18,56,0.4435312747955322,0,0
18,57,0.587906002998352,1,0
18,58,0.21454766392707825,0,0
18,59,0.3608620762825012,0,0
18,60,0.060987550765275955,0,1
18,61,0.19935306906700134,0,1
18,62,0.0911778137087822,0,1
18,63,0.3726896345615387,0,1
18,64,0.13149429857730865,0,1
18,65,0.018347766250371933,0,1
18,66,0.11810777336359024,0,1
18,67,0.35952478647232056,0,1
18,68,0.17634959518909454,0,1
18,69,0.08512341231107712,0,1
18,70,0.07487677037715912,0,1
18,71,0.6152080297470093,1,1
18,72,0.7669473886489868,1,1
18,73,0.5400969386100769,1,1
18,74,0.1127241849899292,0,1
18,75,0.06616310775279999,0,1
18,76,0.2798473536968231,0,1
18,77,0.34758809208869934,0,1
18,78,0.4488193094730377,0,1
18,79,0.06471499800682068,0,1
18,80,0.1628202497959137,0,1
18,81,0.10264307260513306,0,1
18,82,0.20742028951644897,0,1
18,83,0.4072376787662506,0,1
18,84,0.2307416945695877,0,1
18,85,0.21887651085853577,0,1
18,86,0.1441456526517868,0,1
18,87,0.11551951617002487,0,1
18,88,0.06540388613939285,0,1
18,89,0.10669302940368652,0,1
19,0,0.0013068721164017916,0,0
19,1,0.005951224826276302,0,0
19,2,0.0019198596710339189,0,0
19,3,0.010043562389910221,0,0
19,4,0.019103500992059708,0,0
19,5,0.005012319888919592,0,0
19,6,0.006748714949935675,0,0
19,7,0.02550644241273403,0,0
19,8,0.022495487704873085,0,0
19,9,0.28144317865371704,0,0
19,10,0.006553495302796364,0,0
19,11,0.013164086267352104,0,0
19,12,0.01651541329920292,0,0
19,13,0.006215560715645552,0,0
19,14,0.0026114850770682096,0,0
19,15,0.05837465450167656,0,0
19,16,0.010025590658187866,0,0
19,17,0.03079618513584137,0,0
19,18,0.007404931355267763,0,0
19,19,0.007211204618215561,0,0
19,20,0.004167391452938318,0,0
19,21,0.006614797282963991,0,0
19,22,0.013370933011174202,0,0
19,23,0.0037552819121629,0,0
19,24,0.3940848410129547,0,0
19,25,0.07031282037496567,0,0
19,26,0.043108806014060974,0,0
19,27,0.014351991005241871,0,0
19,28,0.0008974928641691804,0,0
19,29,0.00795077532529831,0,0
19,30,0.10900414735078812,0,0
19,31,0.029165152460336685,0,0
19,32,0.09969669580459595,0,0
19,33,0.15323393046855927,0,0
19,34,0.07358398288488388,0,0
19,35,0.04645625501871109,0,0
19,36,0.07952117919921875,0,0
19,37,0.08822926133871078,0,0
19,38,0.05557041987776756,0,0
19,39,0.15542322397232056,0,0
19,40,0.11722370237112045,0,0
19,41,0.09152580052614212,0,0
19,42,0.21045011281967163,0,0
19,43,0.05758841335773468,0,0
19,44,0.19856002926826477,0,0
19,45,0.06283021718263626,0,0
19,46,0.09985382854938507,0,0
19,47,0.128999263048172,0,0
19,48,0.020906588062644005,0,0
19,49,0.0548519641160965,0,0
19,50,0.2700459063053131,0,0
19,51,0.15363264083862305,0,0
19,52,0.04372444748878479,0,0
19,53,0.10176241397857666,0,0
19,54,0.0715840607881546,0,0
19,55,0.053783755749464035,0,0
19,56,0.09026321023702621,0,0
19,57,0.18356430530548096,0,0
19,58,0.188087597489357,0,0
19,59,0.2583729028701782,0,0
19,60,0.5708824396133423,1,1
19,61,0.5762741565704346,1,1
19,62,0.7483205795288086,1,1
19,63,0.6058678030967712,1,1
19,64,0.7918741703033447,1,1
19,65,0.7802214026451111,1,1
19,66,0.7708959579467773,1,1
19,67,0.8385261297225952,1,1
19,68,0.5047919750213623,1,1
19,69,0.8088665008544922,1,1
19,70,0.4555163085460663,0,1
19,71,0.5618239641189575,1,1
19,72,0.32761141657829285,0,1
19,73,0.8970544934272766,1,1
19,74,0.560401201248169,1,1
19,75,0.7921961545944214,1,1
19,76,0.6920210123062134,1,1
19,77,0.6554515957832336,1,1
19,78,0.37867239117622375,0,1
19,79,0.47569945454597473,0,1
19,80,0.5779811143875122,1,1
19,81,0.7070395350456238,1,1
19,82,0.4782053530216217,0,1
19,83,0.6956690549850464,1,1
19,84,0.7230715751647949,1,1
19,85,0.8787283897399902,1,1
19,86,0.9512092471122742,1,1
19,87,0.6842199563980103,1,1
19,88,0.7334609031677246,1,1
19,89,0.4371512234210968,0,1
20,0,0.6195112466812134,1,0
20,1,0.0804884135723114,0,0
20,2,0.13123752176761627,0,0
20,3,0.09864217787981033,0,0
20,4,0.2752913534641266,0,0
20,5,0.2269921451807022,0,0
20,6,0.09025675803422928,0,0
20,7,0.1578296571969986,0,0
20,8,0.8735339641571045,1,0
20,9,0.05435241386294365,0,0
20,10,0.5442212224006653,1,0
20,11,0.7908740043640137,1,0
20,12,0.5017699003219604,1,0
20,13,0.5798138380050659,1,0
20,14,0.21976247429847717,0,0
20,15,0.3025530278682709,0,0
20,16,0.16375668346881866,0,0
20,17,0.5389643907546997,1,0
20,18,0.40916502475738525,0,0
20,19,0.13898086547851562,0,0
20,20,0.4583050012588501,0,0
20,21,0.5820920467376709,1,0
20,22,0.011229891330003738,0,0
20,23,0.05691710487008095,0,0
20,24,0.12872008979320526,0,0
20,25,0.038629453629255295,0,0
20,26,0.11306191980838776,0,0
20,27,0.24109825491905212,0,0
20,28,0.10823849588632584,0,0
20,29,0.1460946649312973,0,0
20,30,0.9444116950035095,1,0
20,31,0.6725074052810669,1,0
20,32,0.7559367418289185,1,0
20,33,0.14669887721538544,0,0
20,34,0.7210365533828735,1,0
20,35,0.31451839208602905,0,0
20,36,0.07287729531526566,0,0
20,37,0.022880474105477333,0,0
20,38,0.5927783250808716,1,0
20,39,0.3525603711605072,0,0
20,40,0.22459520399570465,0,0
20,41,0.4801734387874603,0,0
20,42,0.9247727394104004,1,0
20,43,0.9329631328582764,1,0
20,44,0.7575011849403381,1,0
20,45,0.8281393051147461,1,0
20,46,0.16397994756698608,0,0
20,47,0.05455389618873596,0,0
20,48,0.28124314546585083,0,0
20,49,0.08665286749601364,0,0
20,50,0.12138369679450989,0,0
20,51,0.6227271556854248,1,0
20,52,0.30518144369125366,0,0
20,53,0.24822843074798584,0,0
20,54,0.18948109447956085,0,0
20,55,0.33604347705841064,0,0
20,56,0.10819033533334732,0,0
20,57,0.29249805212020874,0,0
20,58,0.03346464782953262,0,0
20,59,0.008550548925995827,0,0
20,60,0.5448788404464722,1,1
20,61,0.5274962782859802,1,1
20,62,0.27259552478790283,0,1
20,63,0.8111182451248169,1,1
20,64,0.011961267329752445,0,1
20,65,0.44065234065055847,0,1
20,66,0.23359164595603943,0,1
20,67,0.5563679933547974,1,1
20,68,0.8397902250289917,1,1
20,69,0.4295145869255066,0,1
20,70,0.23075895011425018,0,1
20,71,0.23128411173820496,0,1
20,72,0.5780322551727295,1,1
20,73,0.7790068984031677,1,1
20,74,0.20075424015522003,0,1
20,75,0.6356441974639893,1,1
20,76,0.7753996849060059,1,1
20,77,0.5015725493431091,1,1
20,78,0.21909810602664948,0,1
20,79,0.18157313764095306,0,1
20,80,0.31084561347961426,0,1
20,81,0.23274651169776917,0,1
20,82,0.5908471941947937,1,1
20,83,0.6950539350509644,1,1
20,84,0.5183139443397522,1,1
20,85,0.09334616363048553,0,1
20,86,0.19080238044261932,0,1
20,87,0.37671658396720886,0,1
20,88,0.21663877367973328,0,1
20,89,0.7206526398658752,1,1
21,0,0.09554348140954971,0,1
21,1,0.13671304285526276,0,1
21,2,0.050550952553749084,0,1
21,3,0.015721797943115234,0,1
21,4,0.022582655772566795,0,1
21,5,0.006865175440907478,0,1
21,6,0.01936143822968006,0,1
21,7,0.032971180975437164,0,1
21,8,0.06554154306650162,0,1
21,9,0.1261613816022873,0,1
21,10,0.030400438234210014,0,1
21,11,0.05577652528882027,0,1
21,12,0.02471327967941761,0,1
21,13,0.01951400376856327,0,1
21,14,0.03051334246993065,0,1
21,15,0.0025022574700415134,0,1
21,16,0.0032516440842300653,0,1
21,17,0.0008828161517158151,0,1
21,18,0.015873270109295845,0,1
21,19,0.06680410355329514,0,1
21,20,0.08760789781808853,0,1
21,21,0.14801031351089478,0,1
21,22,0.04631917178630829,0,1
21,23,0.06316669285297394,0,1
21,24,0.3117852509021759,0,1
21,25,0.010698703117668629,0,1
21,26,0.0024178915191441774,0,1
21,27,0.007032230030745268,0,1
21,28,0.13921169936656952,0,1
21,29,0.00798279419541359,0,1
21,30,0.43695443868637085,0,0
21,31,0.5868651866912842,1,0
21,32,0.2530456483364105,0,0
21,33,0.18732213973999023,0,0
21,34,0.17073728144168854,0,0
21,35,0.4483072757720947,0,0
21,36,0.13576959073543549,0,0
21,37,0.6333932280540466,1,0
21,38,0.7526962757110596,1,0
21,39,0.9155097007751465,1,0
21,40,0.1422414630651474,0,0
21,41,0.6192220449447632,1,0
21,42,0.4279230535030365,0,0
21,43,0.04799177125096321,0,0
21,44,0.1731305569410324,0,0
21,45,0.10061430186033249,0,0
21,46,0.9376684427261353,1,0
21,47,0.14605210721492767,0,0
21,48,0.25202682614326477,0,0
21,49,0.38026392459869385,0,0
21,50,0.26857873797416687,0,0
21,51,0.2662736177444458,0,0
21,52,0.8806555271148682,1,0
21,53,0.4118512272834778,0,0
21,54,0.6214417219161987,1,0
21,55,0.6371854543685913,1,0
21,56,0.2961450219154358,0,0
21,57,0.565064549446106,1,0
21,58,0.8773209452629089,1,0
21,59,0.4337245523929596,0,0
21,60,0.14543063938617706,0,0
21,61,0.21087026596069336,0,0
21,62,0.000997374765574932,0,0
21,63,0.0004358261649031192,0,0
21,64,0.003476615995168686,0,0
21,65,9.677834168542176e-05,0,0
21,66,0.4241465628147125,0,0
21,67,0.035146452486515045,0,0
21,68,0.006187296472489834,0,0
21,69,0.004984090570360422,0,0
21,70,0.014507328160107136,0,0
21,71,0.003189723938703537,0,0
21,72,0.0011126687750220299,0,0
21,73,0.0003652609884738922,0,0
21,74,0.00755234993994236,0,0
21,75,0.003602856770157814,0,0
21,76,0.012200022116303444,0,0
21,77,0.0006253253086470068,0,0
21,78,0.0006629744893871248,0,0
21,79,0.0007955851033329964,0,0
21,80,0.46794217824935913,0,0
21,81,0.0041759018786251545,0,0
21,82,0.0004566931747831404,0,0
21,83,0.006263580173254013,0,0
21,84,0.0009929848602041602,0,0
21,85,0.0026623965241014957,0,0
21,86,0.0005426331772468984,0,0
21,87,0.0010178656084463,0,0
21,88,0.0014800747158005834,0,0
21,89,0.0018407247262075543,0,0
22,0,0.8955262899398804,1,1
22,1,0.03451061621308327,0,1
22,2,0.031812455505132675,0,1
22,3,0.0111762136220932,0,1
22,4,0.008284833282232285,0,1
22,5,0.015168548561632633,0,1
22,6,0.009106486104428768,0,1
22,7,0.006157195661216974,0,1
22,8,0.005412641912698746,0,1
22,9,0.021873140707612038,0,1
22,10,0.01210931595414877,0,1
22,11,0.0028110542334616184,0,1
22,12,0.0028996074106544256,0,1
22,13,0.0037324915174394846,0,1
22,14,0.0025569156277924776,0,1
22,15,0.0017118587857112288,0,1
22,16,0.01011719461530447,0,1
22,17,0.03763828054070473,0,1
22,18,0.003210103139281273,0,1
22,19,0.0037810851354151964,0,1
22,20,0.003841350320726633,0,1
22,21,0.003370037768036127,0,1
22,22,0.024651167914271355,0,1
22,23,0.004041692242026329,0,1
22,24,0.006367171183228493,0,1
22,25,0.04047698527574539,0,1
22,26,0.020330680534243584,0,1
22,27,0.008106456138193607,0,1
22,28,0.012836871668696404,0,1
22,29,0.06398975849151611,0,1
22,30,0.5078579187393188,1,0
22,31,0.05537404492497444,0,0
22,32,0.8411370515823364,1,0
22,33,0.09131763875484467,0,0
22,34,0.4415830671787262,0,0
22,35,0.5547980070114136,1,0
22,36,0.36228621006011963,0,0
22,37,0.16625520586967468,0,0
22,38,0.6573039293289185,1,0
22,39,0.4392411708831787,0,0
22,40,0.2327553927898407,0,0
22,41,0.06674957275390625,0,0
22,42,0.5844168663024902,1,0
22,43,0.4956705570220947,0,0
22,44,0.9123940467834473,1,0
22,45,0.8892015218734741,1,0
22,46,0.8203294277191162,1,0
22,47,0.5908116102218628,1,0
22,48,0.21456614136695862,0,0
22,49,0.6193301677703857,1,0
22,50,0.08385758846998215,0,0
22,51,0.19140657782554626,0,0
22,52,0.1488495171070099,0,0
22,53,0.5626404285430908,1,0
22,54,0.41206300258636475,0,0
22,55,0.23036755621433258,0,0
22,56,0.33622944355010986,0,0
22,57,0.2851766049861908,0,0
22,58,0.37300053238868713,0,0
22,59,0.33840399980545044,0,0
22,60,0.137369304895401,0,0
22,61,0.050760384649038315,0,0
22,62,0.051065653562545776,0,0
22,63,0.00202201958745718,0,0
22,64,0.008421068079769611,0,0
22,65,0.0017536623636260629,0,0
22,66,0.0032411054708063602,0,0
22,67,0.0016544908285140991,0,0
22,68,0.0037267333827912807,0,0
22,69,0.010552879422903061,0,0
22,70,0.003931758459657431,0,0
22,71,0.0021316013298928738,0,0
22,72,0.0012267108540982008,0,0
22,73,0.00423308415338397,0,0
22,74,0.10541154444217682,0,0
22,75,0.04077458754181862,0,0
22,76,0.0033162562176585197,0,0
22,77,0.007387847173959017,0,0
22,78,0.010070093907415867,0,0
22,79,0.002219045301899314,0,0
22,80,0.01004720851778984,0,0
22,81,0.051914606243371964,0,0
22,82,0.02168559841811657,0,0
22,83,0.05157937481999397,0,0
22,84,0.0014938506064936519,0,0
22,85,0.020056994631886482,0,0
22,86,0.005107246804982424,0,0
22,87,0.004398853052407503,0,0
22,88,0.003515145741403103,0,0
22,89,0.01661842316389084,0,0
23,0,0.9431840777397156,1,0
23,1,0.7386714220046997,1,0
23,2,0.48619329929351807,0,0
23,3,0.8681413531303406,1,0
23,4,0.9358137845993042,1,0
23,5,0.775375485420227,1,0
23,6,0.8053511381149292,1,0
23,7,0.954371988773346,1,0
23,8,0.3953579068183899,0,0
23,9,0.8364648222923279,1,0
23,10,0.9848181009292603,1,0
23,11,0.9830808043479919,1,0
23,12,0.6222256422042847,1,0
23,13,0.5740853548049927,1,0
23,14,0.5658941268920898,1,0
23,15,0.5156264305114746,1,0
23,16,0.9669806361198425,1,0
23,17,0.4606155455112457,0,0
23,18,0.6748204827308655,1,0
23,19,0.9852937459945679,1,0
23,20,0.8992259502410889,1,0
23,21,0.9841864705085754,1,0
23,22,0.570033073425293,1,0
23,23,0.9574386477470398,1,0
23,24,0.9701639413833618,1,0
23,25,0.9831401705741882,1,0
23,26,0.9886825680732727,1,0
23,27,0.8099145889282227,1,0
23,28,0.9035530686378479,1,0
23,29,0.865001380443573,1,0
23,30,0.6000840663909912,1,0
23,31,0.02473469264805317,0,0
23,32,0.0483735091984272,0,0
23,33,0.36869269609451294,0,0
23,34,0.7050005197525024,1,0
23,35,0.1740289181470871,0,0
23,36,0.17786693572998047,0,0
23,37,0.2946508824825287,0,0
23,38,0.4170527458190918,0,0
23,39,0.2424200475215912,0,0
23,40,0.2147718220949173,0,0
23,41,0.7186436653137207,1,0
23,42,0.024583758786320686,0,0
23,43,0.8321295976638794,1,0
23,44,0.7938324213027954,1,0
23,45,0.09552005678415298,0,0
23,46,0.16332775354385376,0,0
23,47,0.06410828977823257,0,0
23,48,0.592038631439209,1,0
23,49,0.0209167692810297,0,0
23,50,0.021108992397785187,0,0
23,51,0.010930427350103855,0,0
23,52,0.0024550510570406914,0,0
23,53,0.5971271991729736,1,0
23,54,0.1770281195640564,0,0
23,55,0.2373514324426651,0,0
23,56,0.55842125415802,1,0
23,57,0.02207397110760212,0,0
23,58,0.19136589765548706,0,0
23,59,0.04257209226489067,0,0
23,60,0.9565765261650085,1,1
23,61,0.7140812873840332,1,1
23,62,0.45940113067626953,0,1
23,63,0.2060372680425644,0,1
23,64,0.9282570481300354,1,1
23,65,0.7529373168945312,1,1
23,66,0.8052570819854736,1,1
23,67,0.7871851921081543,1,1
23,68,0.2689549922943115,0,1
23,69,0.0567808598279953,0,1
23,70,0.0018490683287382126,0,1
23,71,0.3739404082298279,0,1
23,72,0.24675583839416504,0,1
23,73,0.8895178437232971,1,1
23,74,0.14685672521591187,0,1
23,75,0.2790910601615906,0,1
23,76,0.588369607925415,1,1
23,77,0.4171094596385956,0,1
23,78,0.23936066031455994,0,1
23,79,0.2692135274410248,0,1
23,80,0.9757095575332642,1,1
23,81,0.9320403933525085,1,1
23,82,0.07051649689674377,0,1
23,83,0.4797459542751312,0,1
23,84,0.2428591549396515,0,1
23,85,0.3318609595298767,0,1
23,86,0.07245825976133347,0,1
23,87,0.1672859489917755,0,1
23,88,0.25067129731178284,0,1
23,89,0.014679819345474243,0,1
24,0,0.15486931800842285,0,1
24,1,0.17730478942394257,0,1
24,2,0.1454503983259201,0,1
24,3,0.17927822470664978,0,1
24,4,0.1527940034866333,0,1
24,5,0.16134536266326904,0,1
24,6,0.09068404138088226,0,1
24,7,0.030112868174910545,0,1
24,8,0.6304399371147156,1,1
24,9,0.0060556246899068356,0,1
24,10,0.006615392863750458,0,1
24,11,0.546627938747406,1,1
24,12,0.8975375294685364,1,1
24,13,0.17550070583820343,0,1
24,14,0.5205328464508057,1,1
24,15,0.323191374540329,0,1
24,16,0.18053527176380157,0,1
24,17,0.5741676092147827,1,1
24,18,0.4627073407173157,0,1
24,19,0.18538083136081696,0,1
24,20,0.15160711109638214,0,1
24,21,0.40710848569869995,0,1
24,22,0.11911313235759735,0,1
24,23,0.4425027668476105,0,1
24,24,0.17041392624378204,0,1
24,25,0.1673242598772049,0,1
24,26,0.1513718217611313,0,1
24,27,0.13897347450256348,0,1
24,28,0.15603281557559967,0,1
24,29,0.04875952750444412,0,1
24,30,0.023149050772190094,0,0
24,31,0.04170066490769386,0,0
24,32,0.045225661247968674,0,0
24,33,0.04498739540576935,0,0
24,34,0.047264061868190765,0,0
24,35,0.01349156629294157,0,0
24,36,0.019682280719280243,0,0
24,37,0.02520597353577614,0,0
24,38,0.5731022357940674,1,0
24,39,0.03458602726459503,0,0
24,40,0.005766438320279121,0,0
24,41,0.1900581270456314,0,0
24,42,0.21334753930568695,0,0
24,43,0.044089701026678085,0,0
24,44,0.31264200806617737,0,0
24,45,0.30659109354019165,0,0
24,46,0.09875845164060593,0,0
24,47,0.22919628024101257,0,0
24,48,0.018609827384352684,0,0
24,49,0.12068666517734528,0,0
24,50,0.09659156948328018,0,0
24,51,0.10298032313585281,0,0
24,52,0.11873550713062286,0,0
24,53,0.13952982425689697,0,0
24,54,0.20230165123939514,0,0
24,55,0.6965808868408203,1,0
24,56,0.022011756896972656,0,0
24,57,0.20619548857212067,0,0
24,58,0.14618870615959167,0,0
24,59,0.05667572095990181,0,0
24,60,0.04124389588832855,0,0
24,61,0.03184190019965172,0,0
24,62,0.4127812683582306,0,0
24,63,0.25626692175865173,0,0
24,64,0.2571224868297577,0,0
24,65,0.0013423300115391612,0,0
24,66,0.027124635875225067,0,0
24,67,0.05044563114643097,0,0
24,68,0.07340800017118454,0,0
24,69,0.07282956689596176,0,0
24,70,0.059387799352407455,0,0
24,71,0.504216194152832,1,0
24,72,0.21044506132602692,0,0
24,73,0.203108549118042,0,0
24,74,0.4669246971607208,0,0
24,75,0.06739005446434021,0,0
24,76,0.20405957102775574,0,0
24,77,0.5922051668167114,1,0
24,78,0.5016789436340332,1,0
24,79,0.5537444353103638,1,0
24,80,0.9446305632591248,1,0
24,81,0.803129255771637,1,0
24,82,0.8342468738555908,1,0
24,83,0.9116452932357788,1,0
24,84,0.6708310842514038,1,0
24,85,0.44604164361953735,0,0
24,86,0.5842536091804504,1,0
24,87,0.8251326084136963,1,0
24,88,0.4020520746707916,0,0
24,89,0.32911360263824463,0,0
